INSERT INTO Department_Address (Department_Address_ID, City, Area, Street, Block_No) VALUES (1, 'Lahore', 'Faisal Town', '17', '2');
INSERT INTO Department_Address (Department_Address_ID, City, Area, Street, Block_No) VALUES (2, 'Lahore', 'Faisal Town', '16', '5');
INSERT INTO Department_Address (Department_Address_ID, City, Area, Street, Block_No) VALUES (3, 'Lahore', 'Faisal Town', '17', '3');
INSERT INTO Department_Address (Department_Address_ID, City, Area, Street, Block_No) VALUES (4, 'Lahore', 'Faisal Town', '16', '4');
INSERT INTO Department_Address (Department_Address_ID, City, Area, Street, Block_No) VALUES (5, 'Lahore', 'Faisal Town', '16', '2');
INSERT INTO Departments (Department_ID, Department_Name, Department_Address_ID) VALUES (1, 'Management', 1);
INSERT INTO Departments (Department_ID, Department_Name, Department_Address_ID) VALUES (2, 'Computing', 2);
INSERT INTO Departments (Department_ID, Department_Name, Department_Address_ID) VALUES (3, 'Electrical Engineering', 3);
INSERT INTO Departments (Department_ID, Department_Name, Department_Address_ID) VALUES (4, 'Civil Engineering', 4);
INSERT INTO Departments (Department_ID, Department_Name, Department_Address_ID) VALUES (5, 'Sciences and Humanities', 5);
INSERT INTO Sessions (Session_ID, Department_ID, Fees) VALUES ('Session_1', 1, 53477);
INSERT INTO Sessions (Session_ID, Department_ID, Fees) VALUES ('Session_2', 1, 97868);
INSERT INTO Sessions (Session_ID, Department_ID, Fees) VALUES ('Session_3', 3, 93879);
INSERT INTO Sessions (Session_ID, Department_ID, Fees) VALUES ('Session_4', 2, 90548);
INSERT INTO Sessions (Session_ID, Department_ID, Fees) VALUES ('Session_5', 1, 66664);
INSERT INTO Sessions (Session_ID, Department_ID, Fees) VALUES ('Session_6', 2, 71545);
INSERT INTO Sessions (Session_ID, Department_ID, Fees) VALUES ('Session_7', 4, 60545);
INSERT INTO Sessions (Session_ID, Department_ID, Fees) VALUES ('Session_8', 1, 80670);
INSERT INTO Sessions (Session_ID, Department_ID, Fees) VALUES ('Session_9', 4, 71833);
INSERT INTO Sessions (Session_ID, Department_ID, Fees) VALUES ('Session_10', 2, 72786);
INSERT INTO Sessions (Session_ID, Department_ID, Fees) VALUES ('Session_11', 2, 72877);
INSERT INTO Sessions (Session_ID, Department_ID, Fees) VALUES ('Session_12', 4, 73020);
INSERT INTO Sessions (Session_ID, Department_ID, Fees) VALUES ('Session_13', 2, 66459);
INSERT INTO Sessions (Session_ID, Department_ID, Fees) VALUES ('Session_14', 3, 78867);
INSERT INTO Sessions (Session_ID, Department_ID, Fees) VALUES ('Session_15', 2, 87812);
INSERT INTO Accounts (Login_ID, Login_Pass, Assigned_Date) VALUES ('User1', 'Password1', '2023-01-01');
INSERT INTO Accounts (Login_ID, Login_Pass, Assigned_Date) VALUES ('User2', 'Password2', '2023-01-01');
INSERT INTO Accounts (Login_ID, Login_Pass, Assigned_Date) VALUES ('User3', 'Password3', '2023-01-01');
INSERT INTO Accounts (Login_ID, Login_Pass, Assigned_Date) VALUES ('User4', 'Password4', '2023-01-01');
INSERT INTO Accounts (Login_ID, Login_Pass, Assigned_Date) VALUES ('User5', 'Password5', '2023-01-01');
INSERT INTO Accounts (Login_ID, Login_Pass, Assigned_Date) VALUES ('User6', 'Password6', '2023-01-01');
INSERT INTO Accounts (Login_ID, Login_Pass, Assigned_Date) VALUES ('User7', 'Password7', '2023-01-01');
INSERT INTO Accounts (Login_ID, Login_Pass, Assigned_Date) VALUES ('User8', 'Password8', '2023-01-01');
INSERT INTO Accounts (Login_ID, Login_Pass, Assigned_Date) VALUES ('User9', 'Password9', '2023-01-01');
INSERT INTO Accounts (Login_ID, Login_Pass, Assigned_Date) VALUES ('User10', 'Password10', '2023-01-01');
INSERT INTO Accounts (Login_ID, Login_Pass, Assigned_Date) VALUES ('User11', 'Password11', '2023-01-01');
INSERT INTO Accounts (Login_ID, Login_Pass, Assigned_Date) VALUES ('User12', 'Password12', '2023-01-01');
INSERT INTO Accounts (Login_ID, Login_Pass, Assigned_Date) VALUES ('User13', 'Password13', '2023-01-01');
INSERT INTO Accounts (Login_ID, Login_Pass, Assigned_Date) VALUES ('User14', 'Password14', '2023-01-01');
INSERT INTO Accounts (Login_ID, Login_Pass, Assigned_Date) VALUES ('User15', 'Password15', '2023-01-01');
INSERT INTO Students (Pupil_ID, First_Name, Last_Name, Date_Of_Birth, CNIC, Age, Email, Department_ID, Login_ID, Section_U) VALUES ('Student1', 'Paul Reed', 'Howard', '1977-08-15', 692672653639, 25, 'colemanholly@example.org', 3, 'User1', '6');
INSERT INTO Students (Pupil_ID, First_Name, Last_Name, Date_Of_Birth, CNIC, Age, Email, Department_ID, Login_ID, Section_U) VALUES ('Student2', 'Jeanette Wright', 'Decker', '1970-04-16', 5757276009752, 24, 'travisward@example.com', 4, 'User2', '4');
INSERT INTO Students (Pupil_ID, First_Name, Last_Name, Date_Of_Birth, CNIC, Age, Email, Department_ID, Login_ID, Section_U) VALUES ('Student3', 'Eric Miranda', 'Hodges', '1986-11-25', 8688955302032, 19, 'jonesamanda@example.org', 5, 'User3', '1');
INSERT INTO Students (Pupil_ID, First_Name, Last_Name, Date_Of_Birth, CNIC, Age, Email, Department_ID, Login_ID, Section_U) VALUES ('Student4', 'Cassandra Moore', 'Esparza', '2006-07-14', 9926677649073, 22, 'laurie37@example.net', 5, 'User4', '1');
INSERT INTO Students (Pupil_ID, First_Name, Last_Name, Date_Of_Birth, CNIC, Age, Email, Department_ID, Login_ID, Section_U) VALUES ('Student5', 'Katie Barron', 'Vargas', '1969-12-11', 3247622323841, 22, 'uhardin@example.com', 1, 'User5', '6');
INSERT INTO Students (Pupil_ID, First_Name, Last_Name, Date_Of_Birth, CNIC, Age, Email, Department_ID, Login_ID, Section_U) VALUES ('Student6', 'Jacqueline Smith', 'Taylor', '1945-10-13', 4928472961471, 25, 'tracyvance@example.com', 2, 'User6', '2');
INSERT INTO Students (Pupil_ID, First_Name, Last_Name, Date_Of_Birth, CNIC, Age, Email, Department_ID, Login_ID, Section_U) VALUES ('Student7', 'Michael Campbell', 'Mills', '1981-08-10', 8665221887372, 25, 'villanuevagregory@example.net', 3, 'User7', '4');
INSERT INTO Students (Pupil_ID, First_Name, Last_Name, Date_Of_Birth, CNIC, Age, Email, Department_ID, Login_ID, Section_U) VALUES ('Student8', 'Amanda Ewing', 'Howell', '1917-08-18', 1128267363138, 20, 'pgonzales@example.net', 2, 'User8', '7');
INSERT INTO Students (Pupil_ID, First_Name, Last_Name, Date_Of_Birth, CNIC, Age, Email, Department_ID, Login_ID, Section_U) VALUES ('Student9', 'William Harper', 'Diaz', '2021-03-05', 1851060781868, 24, 'roberthenry@example.org', 5, 'User9', '7');
INSERT INTO Students (Pupil_ID, First_Name, Last_Name, Date_Of_Birth, CNIC, Age, Email, Department_ID, Login_ID, Section_U) VALUES ('Student10', 'Stephanie Mills', 'Rodriguez', '1974-12-18', 641349010135, 24, 'ricky95@example.net', 5, 'User10', '9');
INSERT INTO Students (Pupil_ID, First_Name, Last_Name, Date_Of_Birth, CNIC, Age, Email, Department_ID, Login_ID, Section_U) VALUES ('Student11', 'Cole Ryan', 'Reynolds', '1950-05-17', 1127351235801, 19, 'dramos@example.net', 5, 'User11', '2');
INSERT INTO Students (Pupil_ID, First_Name, Last_Name, Date_Of_Birth, CNIC, Age, Email, Department_ID, Login_ID, Section_U) VALUES ('Student12', 'Matthew Schultz', 'Harris', '1912-12-12', 995911190427, 20, 'ehurst@example.com', 1, 'User12', '10');
INSERT INTO Students (Pupil_ID, First_Name, Last_Name, Date_Of_Birth, CNIC, Age, Email, Department_ID, Login_ID, Section_U) VALUES ('Student13', 'Angela Andrews', 'Montgomery', '2018-02-04', 3851954857854, 25, 'holtmichael@example.net', 4, 'User13', '9');
INSERT INTO Students (Pupil_ID, First_Name, Last_Name, Date_Of_Birth, CNIC, Age, Email, Department_ID, Login_ID, Section_U) VALUES ('Student14', 'Brittany Miller', 'Weber', '1916-03-25', 9954376554872, 22, 'griffindavid@example.net', 3, 'User14', '9');
INSERT INTO Students (Pupil_ID, First_Name, Last_Name, Date_Of_Birth, CNIC, Age, Email, Department_ID, Login_ID, Section_U) VALUES ('Student15', 'Brad Dixon', 'Chang', '1927-08-15', 3638330380049, 23, 'alejandromiller@example.net', 4, 'User15', '8');
ALTER TABLE Faculty_Members
ALTER COLUMN Email TYPE VARCHAR(50);

INSERT INTO Faculty_Members (Faculty_Id, First_Name, Last_Name, Date_Of_Birth, CNIC, Age, Email, Department_Id, Login_ID) VALUES ('Faculty1', 'Angela', 'Knight', '1988-02-08', 4260648331974, 37, 'cbenitez@example.com', 5, 'User1');
INSERT INTO Faculty_Members (Faculty_Id, First_Name, Last_Name, Date_Of_Birth, CNIC, Age, Email, Department_Id, Login_ID) VALUES ('Faculty2', 'Eric', 'Ortiz', '1927-10-31', 9599491693100, 34, 'bryan18@example.org', 1, 'User2');
INSERT INTO Faculty_Members (Faculty_Id, First_Name, Last_Name, Date_Of_Birth, CNIC, Age, Email, Department_Id, Login_ID) VALUES ('Faculty3', 'Michael', 'Hall', '1973-07-10', 5945035555352, 31, 'efoster@example.com', 1, 'User3');
INSERT INTO Faculty_Members (Faculty_Id, First_Name, Last_Name, Date_Of_Birth, CNIC, Age, Email, Department_Id, Login_ID) VALUES ('Faculty4', 'Jacqueline', 'Parker', '1954-08-05', 3284192515191, 36, 'kimberlyhunter@example.org', 1, 'User4');
INSERT INTO Faculty_Members (Faculty_Id, First_Name, Last_Name, Date_Of_Birth, CNIC, Age, Email, Department_Id, Login_ID) VALUES ('Faculty5', 'Jerry', 'Lawson', '1994-09-27', 5958866519619, 38, 'harringtonchristina@example.com', 4, 'User5');
INSERT INTO Faculty_Members (Faculty_Id, First_Name, Last_Name, Date_Of_Birth, CNIC, Age, Email, Department_Id, Login_ID) VALUES ('Faculty6', 'Robert', 'Campbell', '2000-01-30', 978582796633, 50, 'manningmary@example.com', 3, 'User6');
INSERT INTO Faculty_Members (Faculty_Id, First_Name, Last_Name, Date_Of_Birth, CNIC, Age, Email, Department_Id, Login_ID) VALUES ('Faculty7', 'Renee', 'Taylor', '2001-07-23', 8267441464617, 36, 'ihall@example.com', 1, 'User7');
INSERT INTO Faculty_Members (Faculty_Id, First_Name, Last_Name, Date_Of_Birth, CNIC, Age, Email, Department_Id, Login_ID) VALUES ('Faculty8', 'Sarah', 'Meyers', '1995-09-19', 9912848802770, 28, 'debrastevens@example.com', 5, 'User8');
INSERT INTO Faculty_Members (Faculty_Id, First_Name, Last_Name, Date_Of_Birth, CNIC, Age, Email, Department_Id, Login_ID) VALUES ('Faculty9', 'Courtney', 'Wilson', '1932-06-07', 6686650743528, 50, 'lawsondaniel@example.net', 1, 'User9');
INSERT INTO Faculty_Members (Faculty_Id, First_Name, Last_Name, Date_Of_Birth, CNIC, Age, Email, Department_Id, Login_ID) VALUES ('Faculty10', 'Kaitlyn', 'Larsen', '1941-05-24', 3549112213192, 33, 'monroegail@example.net', 1, 'User10');
INSERT INTO Faculty_Members (Faculty_Id, First_Name, Last_Name, Date_Of_Birth, CNIC, Age, Email, Department_Id, Login_ID) VALUES ('Faculty11', 'Elizabeth', 'Davenport', '2019-07-24', 6028223852314, 48, 'samanthabailey@example.net', 5, 'User11');
INSERT INTO Faculty_Members (Faculty_Id, First_Name, Last_Name, Date_Of_Birth, CNIC, Age, Email, Department_Id, Login_ID) VALUES ('Faculty12', 'Nathan', 'Espinoza', '1912-04-23', 6547194995237, 47, 'fsmith@example.com', 3, 'User12');
INSERT INTO Faculty_Members (Faculty_Id, First_Name, Last_Name, Date_Of_Birth, CNIC, Age, Email, Department_Id, Login_ID) VALUES ('Faculty13', 'Troy', 'Nichols', '1911-02-17', 6739831177040, 52, 'david32@example.com', 2, 'User13');
INSERT INTO Faculty_Members (Faculty_Id, First_Name, Last_Name, Date_Of_Birth, CNIC, Age, Email, Department_Id, Login_ID) VALUES ('Faculty14', 'Misty', 'Reed', '1976-10-18', 908558109264, 57, 'dkirk@example.net', 3, 'User14');
INSERT INTO Faculty_Members (Faculty_Id, First_Name, Last_Name, Date_Of_Birth, CNIC, Age, Email, Department_Id, Login_ID) VALUES ('Faculty15', 'Amanda', 'Moss', '1941-03-14', 1671194872741, 31, 'umorris@example.com', 2, 'User15');
ALTER TABLE Courses
ALTER COLUMN Course_Name TYPE VARCHAR(50);

INSERT INTO Courses (Course_Id, Semester_Number, Course_Name, Timings, Department_Id) VALUES (1, 2, 'Bachelor of Business Administration', '07:29:38', 1);
INSERT INTO Courses (Course_Id, Semester_Number, Course_Name, Timings, Department_Id) VALUES (2, 1, 'Bachelor of Science (Accounting and Finance)', '19:42:00', 1);
INSERT INTO Courses (Course_Id, Semester_Number, Course_Name, Timings, Department_Id) VALUES (3, 8, 'Bachelor of Science (Artificial Intelligence)', '05:47:39', 1);
INSERT INTO Courses (Course_Id, Semester_Number, Course_Name, Timings, Department_Id) VALUES (4, 5, 'Bachelor of Science (Business Analytics)', '00:39:17', 1);
INSERT INTO Courses (Course_Id, Semester_Number, Course_Name, Timings, Department_Id) VALUES (5, 3, 'Bachelor of Science (Civil Engineering)', '06:54:51', 1);
INSERT INTO Courses (Course_Id, Semester_Number, Course_Name, Timings, Department_Id) VALUES (6, 3, 'Bachelor of Science (Computer Science)', '01:00:37', 1);
INSERT INTO Courses (Course_Id, Semester_Number, Course_Name, Timings, Department_Id) VALUES (7, 4, 'Bachelor of Science (Cyber Security)', '19:56:11', 1);
INSERT INTO Courses (Course_Id, Semester_Number, Course_Name, Timings, Department_Id) VALUES (8, 2, 'Bachelor of Science (Data Science)', '07:57:11', 1);
INSERT INTO Courses (Course_Id, Semester_Number, Course_Name, Timings, Department_Id) VALUES (9, 8, 'Bachelor of Science (Electrical Engineering)', '08:46:28', 1);
INSERT INTO Courses (Course_Id, Semester_Number, Course_Name, Timings, Department_Id) VALUES (10, 1, 'Bachelor of Science (Financial Technologies)', '10:54:14', 1);
INSERT INTO Courses (Course_Id, Semester_Number, Course_Name, Timings, Department_Id) VALUES (11, 8, 'Bachelor of Science (Software Engineering)', '21:18:17', 1);
INSERT INTO Courses (Course_Id, Semester_Number, Course_Name, Timings, Department_Id) VALUES (12, 6, 'Bachelor of Business Administration', '04:05:49', 2);
INSERT INTO Courses (Course_Id, Semester_Number, Course_Name, Timings, Department_Id) VALUES (14, 5, 'Bachelor of Science (Accounting and Finance)', '00:57:30', 2);
INSERT INTO Courses (Course_Id, Semester_Number, Course_Name, Timings, Department_Id) VALUES (15, 1, 'Bachelor of Science (Artificial Intelligence)', '06:01:28', 2);
INSERT INTO Courses (Course_Id, Semester_Number, Course_Name, Timings, Department_Id) VALUES (16, 3, 'Bachelor of Science (Business Analytics)', '18:13:48', 2);
INSERT INTO Courses (Course_Id, Semester_Number, Course_Name, Timings, Department_Id) VALUES (17, 6, 'Bachelor of Science (Civil Engineering)', '13:47:02', 2);
INSERT INTO Courses (Course_Id, Semester_Number, Course_Name, Timings, Department_Id) VALUES (18, 3, 'Bachelor of Science (Computer Science)', '17:03:12', 2);
INSERT INTO Courses (Course_Id, Semester_Number, Course_Name, Timings, Department_Id) VALUES (19, 6, 'Bachelor of Science (Cyber Security)', '07:39:27', 2);
INSERT INTO Courses (Course_Id, Semester_Number, Course_Name, Timings, Department_Id) VALUES (20, 6, 'Bachelor of Science (Data Science)', '16:36:30', 2);
INSERT INTO Courses (Course_Id, Semester_Number, Course_Name, Timings, Department_Id) VALUES (21, 8, 'Bachelor of Science (Electrical Engineering)', '06:12:24', 2);
INSERT INTO Courses (Course_Id, Semester_Number, Course_Name, Timings, Department_Id) VALUES (56, 7, 'Bachelor of Science (Financial Technologies)', '02:27:14', 2);
INSERT INTO Courses (Course_Id, Semester_Number, Course_Name, Timings, Department_Id) VALUES (22, 2, 'Bachelor of Science (Software Engineering)', '07:15:45', 2);
INSERT INTO Courses (Course_Id, Semester_Number, Course_Name, Timings, Department_Id) VALUES (23, 4, 'Bachelor of Business Administration', '02:58:49', 3);
INSERT INTO Courses (Course_Id, Semester_Number, Course_Name, Timings, Department_Id) VALUES (24, 1, 'Bachelor of Science (Accounting and Finance)', '17:14:28', 3);
INSERT INTO Courses (Course_Id, Semester_Number, Course_Name, Timings, Department_Id) VALUES (25, 8, 'Bachelor of Science (Artificial Intelligence)', '02:57:54', 3);
INSERT INTO Courses (Course_Id, Semester_Number, Course_Name, Timings, Department_Id) VALUES (26, 1, 'Bachelor of Science (Business Analytics)', '04:34:34', 3);
INSERT INTO Courses (Course_Id, Semester_Number, Course_Name, Timings, Department_Id) VALUES (27, 6, 'Bachelor of Science (Civil Engineering)', '14:36:25', 3);
INSERT INTO Courses (Course_Id, Semester_Number, Course_Name, Timings, Department_Id) VALUES (28, 5, 'Bachelor of Science (Computer Science)', '03:53:00', 3);
INSERT INTO Courses (Course_Id, Semester_Number, Course_Name, Timings, Department_Id) VALUES (29, 4, 'Bachelor of Science (Cyber Security)', '21:43:36', 3);
INSERT INTO Courses (Course_Id, Semester_Number, Course_Name, Timings, Department_Id) VALUES (30, 4, 'Bachelor of Science (Data Science)', '09:06:02', 3);
INSERT INTO Courses (Course_Id, Semester_Number, Course_Name, Timings, Department_Id) VALUES (31, 6, 'Bachelor of Science (Electrical Engineering)', '04:41:11', 3);
INSERT INTO Courses (Course_Id, Semester_Number, Course_Name, Timings, Department_Id) VALUES (32, 7, 'Bachelor of Science (Financial Technologies)', '16:54:49', 3);
INSERT INTO Courses (Course_Id, Semester_Number, Course_Name, Timings, Department_Id) VALUES (33, 6, 'Bachelor of Science (Software Engineering)', '12:10:05', 3);
INSERT INTO Courses (Course_Id, Semester_Number, Course_Name, Timings, Department_Id) VALUES (34, 8, 'Bachelor of Business Administration', '07:54:30', 4);
INSERT INTO Courses (Course_Id, Semester_Number, Course_Name, Timings, Department_Id) VALUES (35, 7, 'Bachelor of Science (Accounting and Finance)', '05:09:08', 4);
INSERT INTO Courses (Course_Id, Semester_Number, Course_Name, Timings, Department_Id) VALUES (36, 8, 'Bachelor of Science (Artificial Intelligence)', '17:29:52', 4);
INSERT INTO Courses (Course_Id, Semester_Number, Course_Name, Timings, Department_Id) VALUES (37, 2, 'Bachelor of Science (Business Analytics)', '10:01:54', 4);
INSERT INTO Courses (Course_Id, Semester_Number, Course_Name, Timings, Department_Id) VALUES (38, 5, 'Bachelor of Science (Civil Engineering)', '02:06:26', 4);
INSERT INTO Courses (Course_Id, Semester_Number, Course_Name, Timings, Department_Id) VALUES (39, 6, 'Bachelor of Science (Computer Science)', '09:46:18', 4);
INSERT INTO Courses (Course_Id, Semester_Number, Course_Name, Timings, Department_Id) VALUES (40, 6, 'Bachelor of Science (Cyber Security)', '02:17:19', 4);
INSERT INTO Courses (Course_Id, Semester_Number, Course_Name, Timings, Department_Id) VALUES (41, 8, 'Bachelor of Science (Data Science)', '09:53:59', 4);
INSERT INTO Courses (Course_Id, Semester_Number, Course_Name, Timings, Department_Id) VALUES (42, 8, 'Bachelor of Science (Electrical Engineering)', '05:27:35', 4);
INSERT INTO Courses (Course_Id, Semester_Number, Course_Name, Timings, Department_Id) VALUES (43, 6, 'Bachelor of Science (Financial Technologies)', '02:24:43', 4);
INSERT INTO Courses (Course_Id, Semester_Number, Course_Name, Timings, Department_Id) VALUES (44, 4, 'Bachelor of Science (Software Engineering)', '12:47:21', 4);
INSERT INTO Courses (Course_Id, Semester_Number, Course_Name, Timings, Department_Id) VALUES (45, 1, 'Bachelor of Business Administration', '01:45:26', 5);
INSERT INTO Courses (Course_Id, Semester_Number, Course_Name, Timings, Department_Id) VALUES (46, 7, 'Bachelor of Science (Accounting and Finance)', '22:33:19', 5);
INSERT INTO Courses (Course_Id, Semester_Number, Course_Name, Timings, Department_Id) VALUES (47, 6, 'Bachelor of Science (Artificial Intelligence)', '08:53:24', 5);
INSERT INTO Courses (Course_Id, Semester_Number, Course_Name, Timings, Department_Id) VALUES (48, 5, 'Bachelor of Science (Business Analytics)', '12:50:56', 5);
INSERT INTO Courses (Course_Id, Semester_Number, Course_Name, Timings, Department_Id) VALUES (49, 7, 'Bachelor of Science (Civil Engineering)', '15:13:43', 5);
INSERT INTO Courses (Course_Id, Semester_Number, Course_Name, Timings, Department_Id) VALUES (50, 4, 'Bachelor of Science (Computer Science)', '11:11:56', 5);
INSERT INTO Courses (Course_Id, Semester_Number, Course_Name, Timings, Department_Id) VALUES (51, 2, 'Bachelor of Science (Cyber Security)', '10:59:00', 5);
INSERT INTO Courses (Course_Id, Semester_Number, Course_Name, Timings, Department_Id) VALUES (52, 5, 'Bachelor of Science (Data Science)', '21:22:31', 5);
INSERT INTO Courses (Course_Id, Semester_Number, Course_Name, Timings, Department_Id) VALUES (53, 5, 'Bachelor of Science (Electrical Engineering)', '22:02:01', 5);
INSERT INTO Courses (Course_Id, Semester_Number, Course_Name, Timings, Department_Id) VALUES (54, 8, 'Bachelor of Science (Financial Technologies)', '18:16:13', 5);
INSERT INTO Courses (Course_Id, Semester_Number, Course_Name, Timings, Department_Id) VALUES (55, 3, 'Bachelor of Science (Software Engineering)', '21:29:25', 5);
INSERT INTO Subjects (Subject_Id, Title, Course_Id, CreditHours) VALUES (1, 'Business Management', 1, 1);
INSERT INTO Subjects (Subject_Id, Title, Course_Id, CreditHours) VALUES (2, 'Marketing Strategies', 2, 2);
INSERT INTO Subjects (Subject_Id, Title, Course_Id, CreditHours) VALUES (3, 'Financial Accounting', 2, 3);
INSERT INTO Subjects (Subject_Id, Title, Course_Id, CreditHours) VALUES (4, 'Investment Analysis', 5, 2);
INSERT INTO Subjects (Subject_Id, Title, Course_Id, CreditHours) VALUES (5, 'Machine Learning Fundamentals', 5, 1);
INSERT INTO Subjects (Subject_Id, Title, Course_Id, CreditHours) VALUES (6, 'Data Analytics for Business', 4, 2);
INSERT INTO Subjects (Subject_Id, Title, Course_Id, CreditHours) VALUES (7, 'Structural Engineering', 5, 2);
INSERT INTO Subjects (Subject_Id, Title, Course_Id, CreditHours) VALUES (8, 'Algorithms and Data Structures', 3, 3);
INSERT INTO Subjects (Subject_Id, Title, Course_Id, CreditHours) VALUES (9, 'Web Development', 2, 2);
INSERT INTO Subjects (Subject_Id, Title, Course_Id, CreditHours) VALUES (10, 'Network Security', 1, 3);
INSERT INTO Subjects (Subject_Id, Title, Course_Id, CreditHours) VALUES (11, 'Ethical Hacking', 2, 1);
INSERT INTO Subjects (Subject_Id, Title, Course_Id, CreditHours) VALUES (12, 'Data Mining Techniques', 1, 1);
INSERT INTO Subjects (Subject_Id, Title, Course_Id, CreditHours) VALUES (13, 'Power Systems Engineering', 3, 2);
INSERT INTO Subjects (Subject_Id, Title, Course_Id, CreditHours) VALUES (14, 'FinTech Innovations', 2, 2);
INSERT INTO Subjects (Subject_Id, Title, Course_Id, CreditHours) VALUES (15, 'Software Development Methodologies', 2, 3);
INSERT INTO Subjects (Subject_Id, Title, Course_Id, CreditHours) VALUES (16, 'Mobile App Development', 2, 2);
INSERT INTO Time_Table (Time_Table_Id, Course_Id, Timings) VALUES (01, 3, '09:21:47');
INSERT INTO Time_Table (Time_Table_Id, Course_Id, Timings) VALUES (02, 8, '00:50:52');
INSERT INTO Time_Table (Time_Table_Id, Course_Id, Timings) VALUES (03, 5, '01:33:38');
INSERT INTO Time_Table (Time_Table_Id, Course_Id, Timings) VALUES (04, 14, '08:29:15');
INSERT INTO Time_Table (Time_Table_Id, Course_Id, Timings) VALUES (05, 11, '08:20:13');
INSERT INTO Time_Table (Time_Table_Id, Course_Id, Timings) VALUES (06, 8, '01:54:39');
INSERT INTO Time_Table (Time_Table_Id, Course_Id, Timings) VALUES (07, 9, '19:31:36');
INSERT INTO Time_Table (Time_Table_Id, Course_Id, Timings) VALUES (08, 12, '13:22:00');
INSERT INTO Time_Table (Time_Table_Id, Course_Id, Timings) VALUES (09, 2, '23:30:46');
INSERT INTO Time_Table (Time_Table_Id, Course_Id, Timings) VALUES (10, 8, '13:53:54');
INSERT INTO Time_Table (Time_Table_Id, Course_Id, Timings) VALUES (12, 2, '06:42:07');
INSERT INTO Time_Table (Time_Table_Id, Course_Id, Timings) VALUES (13, 8, '17:18:24');
INSERT INTO Time_Table (Time_Table_Id, Course_Id, Timings) VALUES (14, 2, '09:46:08');
INSERT INTO Time_Table (Time_Table_Id, Course_Id, Timings) VALUES (15, 8, '06:00:48');
INSERT INTO Time_Table (Time_Table_Id, Course_Id, Timings) VALUES (16, 9, '10:51:09');
INSERT INTO Time_Table (Time_Table_Id, Course_Id, Timings) VALUES (17, 14, '18:51:21');